nome_franquia,id_filme_TMDB
Avatar Collection,19995
Avengers,299534
Iron Man,299534
Cold War Collection,140607
Avengers,299536
Marvel Cinematic Universe,299536
Jurassic Park,135397
Alice in Wonderland Collection,420818
Avengers,24428
Marvel Cinematic Universe,24428
Dumb and Dumber Collection,168259
Frozen,330457
Avengers,99861
Marvel Cinematic Universe,99861
Black Panther Collection,284054
Marvel Cinematic Universe,284054
Harry Potter,12445
Cold War Collection,181808
Jurassic Park,351286
Frozen,109445
The Incredibles,260513
Dumb and Dumber Collection,337339
Iron Man,68721
Marvel Cinematic Universe,68721
Alice in Wonderland Collection,211672
Alice in Wonderland Collection,271110
Marvel Cinematic Universe,271110
Aquaman Collection,297802
DC Extended Universe,297802
Avengers,429617
Marvel Cinematic Universe,429617
Alice in Wonderland Collection,299537
Marvel Cinematic Universe,299537
Transformers,38356
Alice in Wonderland Collection,122
Middle-earth,122
James Bond,37724
Transformers,91314
The Dark Knight Trilogy,49026
Cold War Collection,181812
Toy Story,301528
Toy Story,10193
Pirates of the Caribbean,58
Aladdin (Live-Action) Collection,420817
Pirates of the Caribbean,1865
Despicable Me,324852
Alice in Wonderland Collection,127380
Alice in Wonderland Collection,12155
The Hobbit,49051
Middle-earth,49051
The Dark Knight Trilogy,155
Harry Potter,671
Despicable Me,93456
Jumanji,353486
Pirates of the Caribbean,285
The Hobbit,57158
Middle-earth,57158
The Hobbit,122917
Middle-earth,122917
Harry Potter,12444
Alice in Wonderland Collection,12
Harry Potter,675
Harry Potter,767
Shrek,809
Alice in Wonderland Collection,121
Middle-earth,121
Cold War Collection,1893
Jurassic Park,329
Harry Potter,674
Demon Slayer - Movie Collection,559
Ice Age,8355
James Bond,206647
Avengers,315635
Marvel Cinematic Universe,315635
Ice Age,57800
Harry Potter,672
Pet Sematary Reboot Collection,328111
Man of Steel Collection,209112
DC Extended Universe,209112
Alice in Wonderland Collection,120
Middle-earth,120
Cold War Collection,452557
Guardians of the Galaxy,283995
Marvel Cinematic Universe,283995
Venom Collection,335983
Thor,284053
Marvel Cinematic Universe,284053
Cold War Collection,1895
The Hunger Games,101299
Transformers,8373
The Twilight Collection,50620
Wonder Woman Collection,297762
DC Extended Universe,297762
Demon Slayer - Movie Collection,557
Independence Day Collection,602
Shrek,810
Fantastic Beasts Collection,259316
Jumanji,512200
Pirates of the Caribbean,166426
Miss Congeniality Collection,353081
Harry Potter,673
Dumb and Dumber Collection,82992
Bridget Jones Collection,217
Indiana Jones,217
Deadpool,383498
Demon Slayer - Movie Collection,558
Deadpool,293660
Cold War Collection,11
Guardians of the Galaxy,118340
Marvel Cinematic Universe,118340
The Robert Langdon Collection,591
Alice in Wonderland Collection,8587
Hobbs & Shaw Collection,384018
Maleficent Collection,102651
Alice in Wonderland Collection,1930
Man of Steel Collection,49521
DC Extended Universe,49521
Shrek,10192
The Hunger Games,131631
Demon Slayer - Movie Collection,127585
Mad Max Collection,80321
Suicide Squad Collection,297761
DC Extended Universe,297761
Chronicle Collection,411
"Monsters, Inc. Collection",62211
The Matrix Collection,604
Dumb and Dumber Collection,385128
Alice in Wonderland Collection,100402
Marvel Cinematic Universe,100402
The Twilight Collection,50619
Pet Sematary Reboot Collection,119450
The Twilight Collection,18239
Transformers,1858
Alice in Wonderland Collection,102382
It Collection,346364
The Twilight Collection,24021
Miss Congeniality Collection,56292
The Hunger Games,70160
Alice in Wonderland Collection,602666
Miss Congeniality Collection,177677
Doctor Strange Collection,284052
Marvel Cinematic Universe,284052
James Bond,370172
Dumb and Dumber Collection,49444
Ice Age,950
DC Extended Universe,141052
DC Extended Universe,791373
Pirates of the Caribbean,22
The Hunger Games,131634
Fantastic Beasts Collection,338952
Cold War Collection,1894
Thor,76338
Marvel Cinematic Universe,76338
Alice in Wonderland Collection,335797
Dumb and Dumber Collection,9502
The Incredibles,9806
Dumb and Dumber Collection,51497
Black Panther Collection,41154
Iron Man,10138
Marvel Cinematic Universe,10138
Demon Slayer - Movie Collection,363088
Marvel Cinematic Universe,363088
Alice in Wonderland Collection,82702
Alice in Wonderland Collection,263115
Jurassic Park,330
Mamma Mia! Collection,11631
Transformers,335988
Mad Max Collection,10527
James Bond,36557
James Bond,10764
Black Panther Collection,607
The Croods Collection,49519
The Hangover Collection,45243
Iron Man,1726
Marvel Cinematic Universe,1726
Planet of the Apes (Reboot) Collection,1593
Cold War Collection,1892
Fifty Shades Collection,216015
The Smurfs (Theatrical) Collection,41513
"Monsters, Inc. Collection",585
Cars Collection,49013
Alice in Wonderland Collection,417859
Ted Collection,72105
Miss Congeniality Collection,955
Ice Age,435
Demon Slayer - Movie Collection,246655
Mad Max Collection,953
Cold War Collection,1891
Despicable Me,20352
Now You See Me Collection,345940
Demon Slayer - Movie Collection,404368
Armour of God Collection,124905
Hot Shots! Collection,400155
Sherlock Holmes Collection,10528
Dumb and Dumber Collection,140300
Alice in Wonderland Collection,280
Demon Slayer - Movie Collection,102899
Marvel Cinematic Universe,102899
Alice in Wonderland Collection,166428
Now You See Me Collection,693
Thor,693
Aladdin (Live-Action) Collection,812
Demon Slayer - Movie Collection,635302
Rio Collection,172385
The Boss Baby Collection,295693
Toy Story,863
Alice in Wonderland Collection,10191
Planet of the Apes (Reboot) Collection,18823
Maleficent Collection,420809
Pet Sematary Reboot Collection,281338
Shrek,808
The Robert Langdon Collection,13448
Rio Collection,46195
Almighty Collection,310
Pet Sematary Reboot Collection,61791
Alice in Wonderland Collection,98566
Home Alone Collection,771
Bridget Jones Collection,89
Indiana Jones,89
Hot Shots! Collection,159824
It Collection,474350
Demon Slayer - Movie Collection,82690
Jaws Collection,578
The Hangover Collection,18785
Demon Slayer - Movie Collection,137106
Transformers,424783
Armour of God Collection,399566
Star Trek: Alternate Reality Collection,54138
The Matrix Collection,603
Cars Collection,920
Demon Slayer - Movie Collection,36668
National Treasure Collection,6637
Lucy Collection,240832
Miss Congeniality Collection,954
Ocean's Collection,161
Thor,10195
Marvel Cinematic Universe,10195
Tarzan (Animation) Collection,37135
Black Panther Collection,608
Alice in Wonderland Collection,449927
The Mummy Collection,1734
Alice in Wonderland Collection,23398
The Bourne Collection,2503
The Exorcist Collection,9552
Alice in Wonderland Collection,87101
Alice in Wonderland Collection,296
Pokémon Collection,447404
James Bond,36669
Ice Age,36669
Marvel Cinematic Universe,566525
Bad Boys Collection,38700
The Matrix Collection,605
Dumb and Dumber Collection,10020
Venom Collection,580489
300 Collection,1271
Chronicle Collection,2454
The Mummy Collection,564
Chronicle Collection,10140
The Bourne Collection,324668
Alice in Wonderland Collection,76170
City Slickers Collection,4564
Alice in Wonderland Collection,207703
Planet of the Apes (Reboot) Collection,18360
Batman Collection,268
Alice in Wonderland Collection,343668
Ice Age,278154
Demon Slayer - Movie Collection,36658
Pacific Rim Collection,68726
The Mummy Collection,1735
Planet of the Apes (Reboot) Collection,70981
TRON Collection,20526
Miss Congeniality Collection,956
The Huntsman Collection,58595
Mamma Mia! Collection,458423
The Twilight Collection,8966
Dragon Ball Super Collection,1452
Bridget Jones Collection,85
Independence Day Collection,47933
Armour of God Collection,373571
Star Trek: Alternate Reality Collection,13475
Happy Feet Collection,9836
Cars Collection,260514
Die Hard Collection,1571
Ice Age,425
Kung Fu Panda Collection,105
Armour of God Collection,929
Mad Max Collection,76341
Fifty Shades Collection,341174
Marvel Cinematic Universe,497698
Taken Collection,82675
Demon Slayer - Movie Collection,324857
The Dark Knight Trilogy,272
Toy Story,862
Alice in Wonderland Collection,2080
Aladdin (Live-Action) Collection,72559
Alice in Wonderland Collection,534
Alice in Wonderland Collection,1771
Marvel Cinematic Universe,1771
Die Hard Collection,137113
Marshal Samuel Gerard Collection,5503
Jurassic Park,331
Alice in Wonderland Collection,8346
Fifty Shades Collection,337167
Die Hard Collection,1572
Shazam! Collection,287947
DC Extended Universe,287947
Planet of the Apes (Reboot) Collection,181533
Dumb and Dumber Collection,13804
Ocean's Collection,163
The Hangover Collection,109439
James Bond,36643
Alice in Wonderland Collection,6477
Home Alone Collection,772
Hot Shots! Collection,76492
Top Gun Collection,744
Journey Collection,72545
Demon Slayer - Movie Collection,49538
Alice in Wonderland Collection,402
James Bond,710
Hercule Poirot (Kenneth Branagh) Collection,392044
Now You See Me Collection,75656
The Hannibal Lecter Collection,9740
The Mask Collection,854
Pet Sematary Reboot Collection,381719
Speed Collection,1637
The Angry Birds Collection,153518
Alice in Wonderland Collection,400650
Chicken Run Collection,198663
National Treasure Collection,2059
The Smurfs (Theatrical) Collection,77931
Rush Hour Collection,5175
The Trolls Collection,136799
The X Files Collection,47971
Pocahontas Collection,10530
Star Trek: Alternate Reality Collection,188927
Alice in Wonderland Collection,55301
Alice in Wonderland Collection,888
A Quiet Place Collection,447332
Enchanted Collection,4523
300 Collection,53182
Batman Collection,414
Now You See Me Collection,291805
Sherlock Holmes Collection,58574
Pokémon Collection,36218
Fantastic Beasts Collection,9738
James Bond,714
Bridget Jones Collection,87
Kung Fu Panda Collection,165
Dune Collection,438631
Free Guy Collection,550988
Now You See Me Collection,1597
Crocodile Dundee Collection,9671
John Wick Collection,458156
Taken Collection,260346
The Hunchback of Notre Dame Collection,10545
Lethal Weapon Collection,943
Aladdin (Live-Action) Collection,11674
Alice in Wonderland Collection,259693
Alice in Wonderland Collection,138843
Beverly Hills Cop Collection,90
The Expendables Collection,76163
Thor,2898
Chicken Run Collection,294254
Resident Evil Collection,173897
Alice in Wonderland Collection,817
SpongeBob Collection,228165
Ocean's Collection,298
Now You See Me Collection,39451
Knives Out Collection,546554
Planet of the Apes (Reboot) Collection,454626
Annabelle Collection,396422
Die Hard Collection,47964
Mulan Collection,10674
Aladdin (Live-Action) Collection,14869
Planet of the Apes (Reboot) Collection,57165
Fantastic Beasts Collection,1979
Rocky Collection,1374
Rambo Collection,1369
Alice in Wonderland Collection,7131
Resident Evil Collection,35791
Dragon Ball Super Collection,1924
Stuart Little Collection,10137
Beverly Hills Cop Collection,96
Alice in Wonderland Collection,241259
A Quiet Place Collection,520763
Alice in Wonderland Collection,9494
Alice in Wonderland Collection,818
James Bond,818
Demon Slayer - Movie Collection,36657
Ghost Rider Collection,620
Divergent Collection,262500
Dr. Dolittle Collection,3050
City Slickers Collection,37786
Pacific Rim Collection,268896
Alice in Wonderland Collection,9602
Divergent Collection,157350
The Bourne Collection,2502
Chicken Run Collection,336843
Casper Collection,8839
American Pie Collection,2770
Pitch Perfect Collection,254470
Lethal Weapon Collection,944
Bridget Jones Collection,634
Batman Collection,364
Alice in Wonderland Collection,299824
Demon Slayer - Movie Collection,4247
The X Files Collection,7451
The Bourne Collection,49040
Baahubali Collection,350312
Demon Slayer - Movie Collection,9637
Tomb Raider Collection,1995
Pet Sematary Reboot Collection,338970
The Expendables Collection,27578
Bad Boys Collection,8961
Hobbs & Shaw Collection,11544
The Hannibal Lecter Collection,274
Grown Ups Collection,38365
Neighbors Collection,195589
Rocky Collection,1371
Bambi Collection,3170
Charlie's Angels Collection,4327
Alice in Wonderland Collection,11224
Jumanji,8844
Demon Slayer - Movie Collection,496
Bridget Jones Collection,9801
Alice in Wonderland Collection,290859
Blade Collection,335984
Alice in Wonderland Collection,116149
Charlie's Angels Collection,9471
Rush Hour Collection,5174
Annabelle Collection,250546
Babe Collection,9598
Halloween Collection,424139
High School Musical Collection,11887
Black Panther Collection,479455
Demon Slayer - Movie Collection,320288
Mr. Bean Collection,1281
Planet of the Apes (Reboot) Collection,10009
Zorro Collection,9342
Space Jam Collection,2300
Red Cliff Collection,12289
Alice in Wonderland Collection,565
Blair Witch Collection,2667
Now You See Me Collection,109451
Dumb and Dumber Collection,8467
Grown Ups Collection,109418
Alice in Wonderland Collection,308531
Armour of God Collection,238
Rush Hour Collection,2109
Kung Fu Panda Collection,196
Now You See Me Collection,22794
Home Alone Collection,274167
Now You See Me Collection,12154
Hobbs & Shaw Collection,14306
Resident Evil Collection,71679
Die Hard Collection,1573
Crocodile Dundee Collection,9396
Crazy Rich Asians Collection,455207
Batman Collection,415
Saturday Night Fever Collection,11009
Dumb and Dumber Collection,584
Ice Age,644
American Pie Collection,2105
American Pie Collection,71552
Alice in Wonderland Collection,258509
Cruella Collection,337404
Demon Slayer - Movie Collection,65754
Planet of the Apes (Reboot) Collection,126889
Mr. Bean Collection,1268
Sister Act Collection,2005
American Pie Collection,8273
Annabelle Collection,521029
Ghost Rider Collection,1250
Lethal Weapon Collection,942
Alice in Wonderland Collection,346648
The Boss Baby Collection,339403
Taken Collection,8681
Jack Reacher Collection,32657
Chicken Run Collection,7443
Chronicle Collection,628
Planet of the Apes (Reboot) Collection,9354
Demon Slayer - Movie Collection,4256
The Robert Langdon Collection,207932
Planes Collection,151960
Knocked Up Collection,4964
Jack Reacher Collection,75780
Jack Reacher Collection,9331
Ted Collection,214756
Ghost Rider Collection,2978
Creed Collection,480530
The Bourne Collection,2501
Alice in Wonderland Collection,88
Jungle Cruise Collection,451048
Alice in Wonderland Collection,146
Ace Ventura Collection,9273
Miss Congeniality Collection,1493
Bridget Jones Collection,95610
Now You See Me Collection,10144
James Bond,698
The Boss Baby Collection,51540
The Hannibal Lecter Collection,9533
Lost Collection,151743
Dumb and Dumber Collection,9799
Sister Act Collection,72571
The Expendables Collection,138103
Jungle Cruise Collection,9325
Has Fallen Collection,267860
A Dog's Purpose Collection,381289
The Addams Family (Animated) Collection,481084
Alice in Wonderland Collection,1498
Alice in Wonderland Collection,951
DC Extended Universe,495764
Jump Street Collection,64688
Garfield Collection,8920
Jack Reacher Collection,1669
Planet of the Apes (Reboot) Collection,513434
Jack Reacher Collection,76285
Alice in Wonderland Collection,423108
Deep Blue Sea Collection,7484
The Smurfs (Theatrical) Collection,137116
Spy Kids Collection,12279
James Bond,699
Sister Act Collection,23827
Alice in Wonderland Collection,381902
The Equalizer Collection,156022
The Addams Family (Animated) Collection,2907
James Bond,708
Demon Slayer - Movie Collection,280217
Dragon Ball Super Collection,8536
Man of Steel Collection,9383
Planet of the Apes (Reboot) Collection,11007
The Santa Clause Collection,11395
Hobbs & Shaw Collection,45772
The X Files Collection,846
Rambo Collection,1370
Jump Street Collection,187017
Jaws Collection,579
James Bond,700
Alice in Wonderland Collection,19912
Atlantis Collection,10865
Man of Steel Collection,388
James Bond,691
Pitch Perfect Collection,353616
Bad Boys Collection,376659
Aladdin (Live-Action) Collection,10481
The Grudge Collection,1970
Alien Collection,679
Beverly Hills Cop Collection,14560
Wayne's World Collection,8872
Grease Collection,621
Demon Slayer - Movie Collection,11024
Hot Shots! Collection,9595
Kill Bill Collection,24
Home Alone Collection,419680
Divergent Collection,262504
City Slickers Collection,1406
Demon Slayer - Movie Collection,4257
Jack Reacher Collection,9869
Sister Act Collection,41436
AVP Collection,395
Ice Age,9386
Analyze Collection,9535
Hitman Collection,390043
Alice in Wonderland Collection,262391
Dr. Dolittle Collection,10808
Thor,120467
Jungle Cruise Collection,10603
Almighty Collection,2698
Big Momma's House Collection,9600
Anchorman Collection,109443
Creed Collection,312221
Scream Collection,4232
The Santa Clause Collection,9021
Scream Collection,4233
John Wick Collection,324552
Armour of God Collection,98567
Bayside Shakedown Collection,55384
Stuart Little Collection,10996
Dumb and Dumber Collection,100042
The Emperor's New Groove Collection,11688
The Croods Collection,529203
Suicide Squad Collection,436969
DC Extended Universe,436969
Magic Mike Collection,77930
Insidious Collection,406563
Marvel Cinematic Universe,524434
Alice in Wonderland Collection,9880
Alice in Wonderland Collection,9334
The Muppets Collection,64328
Wonder Woman Collection,464052
DC Extended Universe,464052
The Huntsman Collection,290595
Deep Blue Sea Collection,8914
Speed Collection,1639
Independence Day Collection,10708
Saw Collection,214
Marvel Cinematic Universe,1724
Pokémon Collection,12599
Pokémon Collection,10228
Unbroken Collection,227306
Jack Reacher Collection,343611
Alien Collection,8078
Scream Collection,4234
James Bond,253
Alice in Wonderland Collection,10320
Has Fallen Collection,117263
Insidious Collection,91586
John Wick Collection,9486
Predator Collection,346910
Hellboy Collection,11253
Under Siege Collection,52520
Tomb Raider Collection,1996
John Wick Collection,58233
James Bond,58233
James Bond,36670
Alien Collection,8077
Alice in Wonderland Collection,9277
Knocked Up Collection,41233
Planet of the Apes (Reboot) Collection,300669
Alice in Wonderland Collection,12096
Alice in Wonderland Collection,187
Dumb and Dumber Collection,9615
John Wick Collection,463272
Goosebumps Collection,257445
Alice in Wonderland Collection,55779
Man of Steel Collection,365222
Under Siege Collection,8845
James Bond,709
Rocky Collection,1246
Escape Room Collection,522681
The Accountant Collection,302946
Pet Sematary Reboot Collection,412117
Blade Collection,36586
Ride Along Collection,168530
Free Guy Collection,1634
48 Hrs. Collection,11595
Alice in Wonderland Collection,927
Pet Sematary Reboot Collection,522478
Saw Collection,215
James Bond,707
Backdraft Collection,2924
Kill Bill Collection,393
Planes Collection,218836
Alice in Wonderland Collection,64686
Knocked Up Collection,8328
Happy Feet Collection,65759
Star Trek: Alternate Reality Collection,199
Beverly Hills Cop Collection,14405
Knocked Up Collection,9408
Knives Out Collection,345911
Space Jam Collection,379686
Resident Evil Collection,7737
RED Collection,146216
Spy Kids Collection,10054
Beethoven Collection,11806
Has Fallen Collection,423204
Ice Age,423204
Chronicle Collection,76726
Sister Act Collection,82990
Zorro Collection,1656
Legally Blonde Collection,8835
Garfield Collection,9513
Bad Boys Collection,9737
Demon Slayer - Movie Collection,4248
James Bond,660
Die Hard Collection,562
Knocked Up Collection,85446
SpongeBob Collection,11836
American Pie Collection,838
Saw Collection,663
Alice in Wonderland Collection,152
Big Momma's House Collection,11565
The Purge Collection,442249
Hot Shots! Collection,74534
Armour of God Collection,242
Saw Collection,41439
Anaconda Collection,9360
Jungle Cruise Collection,14873
Jump Street Collection,33909
Alice in Wonderland Collection,11130
Inspector Gadget Collection,332
Hot Shots! Collection,9255
Alice in Wonderland Collection,168
Hobbs & Shaw Collection,2395
Ghost Rider Collection,71676
Save The Last Dance Collection,9816
The Angry Birds Collection,454640
Blade Collection,36647
Thor,4347
Bad Boys Collection,431530
The Karate Kid Collection,1885
AVP Collection,440
Alice in Wonderland Collection,9279
Resident Evil Collection,1577
Planet of the Apes (Reboot) Collection,9641
Now You See Me Collection,10625
Blade Collection,36648
Mr. Bean Collection,1213
The Nut Job Collection,9327
Alice in Wonderland Collection,65086
Alice in Wonderland Collection,1667
Predator Collection,34851
Dumb and Dumber Collection,11006
Armour of God Collection,397567
Now You See Me Collection,278924
Porky's Collection,10246
Now You See Me Collection,3597
Alice in Wonderland Collection,268531
Rambo Collection,1368
Dragon Ball Super Collection,503314
Legally Blonde Collection,10327
James Bond,658
Ride Along Collection,323675
The Nut Job Collection,12107
Nanny McPhee Collection,35019
Nanny McPhee Collection,11283
Escape Room Collection,107846
Dumb and Dumber Collection,338967
Happy Feet Collection,440021
Spirit Collection,9023
The Nut Job Collection,227783
Poltergeist Collection,609
Mortal Kombat Collection,9312
Star Trek: Alternate Reality Collection,563
Red Cliff Collection,15384
PAW Patrol Collection,675445
Lethal Weapon Collection,941
Star Trek: Alternate Reality Collection,193
Rocky Collection,1375
Road Trip Collection,9285
Spy Kids Collection,9488
Beverly Hills Cop Collection,306
Alice in Wonderland Collection,9286
Halloween Collection,610253
The Purge Collection,316727
Beethoven Collection,10438
Star Trek: Alternate Reality Collection,200
Magic Mike Collection,264999
Now You See Me Collection,12139
Rocky Collection,1366
Jack Reacher Collection,16290
Thor,866
S.W.A.T. Collection,9257
James Bond,681
Now You See Me Collection,191421
Chronicle Collection,2789
Pokémon: Detective Pikachu Collection,566555
Pitch Perfect Collection,114150
Dragon Ball Super Collection,8840
Deep Blue Sea Collection,525
The Karate Kid Collection,8856
Chili Palmer Collection,8012
Planet of the Apes (Reboot) Collection,6466
Robot Collection,373449
Knocked Up Collection,9762
The Collector Collection,21407
Saw Collection,11917
Species Collection,9348
Rambo Collection,7555
Rocky Collection,36685
Alice in Wonderland Collection,9532
Armour of God Collection,518068
Thor,140823
Hobbs & Shaw Collection,39691
Tooth Fairy Collection,23023
Pet Sematary Reboot Collection,157433
Admiral Yi,282631
The Boss Baby Collection,459151
The Purge Collection,238636
James Bond,667
Under Siege Collection,834
Hobbs & Shaw Collection,2899
Pet Sematary Reboot Collection,6519
The Net Collection,1642
Pet Sematary Reboot Collection,16690
The Millennium Collection,15472
The Transporter Collection,13387
Neighbors Collection,325133
Terms of Endearment Collection,11050
The Amityville Collection,10065
Arthur Collection,9992
The Boss Baby Collection,227159
Police Academy Collection,12118
Beverly Hills Cop Collection,256961
Ace Ventura Collection,3049
Pet Sematary Reboot Collection,479
Alice in Wonderland Collection,9373
Alice in Wonderland Collection,2069
Planet of the Apes (Reboot) Collection,263109
Alex Cross Collection,2043
Alien Collection,348
Under Siege Collection,3512
Insidious Collection,280092
The Cell Collection,8843
Saw Collection,176
Ouija Collection,242512
Cold War Collection,416249
Alice in Wonderland Collection,124471
Resident Evil Collection,1576
Saw Collection,298250
Armour of God Collection,240
Dumb and Dumber Collection,19908
Marshal Samuel Gerard Collection,11808
Dumb and Dumber Collection,642
Alice in Wonderland Collection,433
The Equalizer Collection,345887
Pokémon: Detective Pikachu Collection,493006
Journey Collection,88751
Timecop Collection,8831
Miss Congeniality Collection,10040
Rugrats Collection,14444
Airport Collection,10671
Dumb and Dumber Collection,10488
Thor,10488
Legally Blonde Collection,341013
Hitman Collection,1620
Alice in Wonderland Collection,364324
Hellboy Collection,1487
Bayside Shakedown Collection,55382
Pokémon: Detective Pikachu Collection,217923
Chronicle Collection,87421
Predator Collection,106
Now You See Me Collection,1428
The Are We Collection,11637
Silent Hill Collection,588
James Bond,682
Resident Evil Collection,109428
Scream Collection,41446
Thor,41446
Jarhead Collection,25
Insidious Collection,49018
Alice in Wonderland Collection,174
Alice in Wonderland Collection,154
Alice in Wonderland Collection,10303
8MM Collection,8224
Thor,5038
Demon Slayer - Movie Collection,23483
Alice in Wonderland Collection,67660
The Butterfly Effect Collection,1954
Under Siege Collection,277
Arthur Collection,13665
Alice in Wonderland Collection,62837
Chili Palmer Collection,4551
The Crow Collection,9495
Hobbs & Shaw Collection,10992
Goosebumps Collection,442062
The Addams Family (Animated) Collection,639721
Under Siege Collection,12437
Ghost Rider Collection,543094
Alice in Wonderland Collection,8007
Rambo Collection,522938
White Noise Collection,11804
Dhoom Collection,44977
Alice in Wonderland Collection,9358
Baahubali Collection,256040
Alice in Wonderland Collection,302688
Alice in Wonderland Collection,10730
Anchorman Collection,8699
Mad Max Collection,15670
Hobbs & Shaw Collection,370567
Alice in Wonderland Collection,1588
Patton Collection,11202
The Purge Collection,158015
Alice in Wonderland Collection,11846
The Transporter Collection,9335
The Inbetweeners Collection,69798
John Wick Collection,245891
Boonie Bears Collection,529426
Alice in Wonderland Collection,411268
Shanghai Noon Collection,6038
Knocked Up Collection,89492
Jaws Collection,17692
Alice in Wonderland Collection,396535
Pet Sematary Reboot Collection,10693
Tiger Collection,441909
White Noise Collection,795607
Alice in Wonderland Collection,157
Top Gun Collection,37137
Alice in Wonderland Collection,9326
Thor,9326
The Amityville Collection,11449
Sister Act Collection,227348
Knocked Up Collection,243683
Hot Shots! Collection,268238
Independence Day Collection,170
Spy Kids Collection,56288
Cocoon Collection,10328
Hobbs & Shaw Collection,15417
Rocky Collection,1367
The Addams Family (Animated) Collection,12230
Sicario Collection,273481
The Poseidon Adventure Collection,551
American Pie Collection,4978
The Santa Clause Collection,13767
Dumb and Dumber Collection,12144
Thor,2323
Pokémon: Detective Pikachu Collection,506763
Doraemon Collection,86184
Big Momma's House Collection,38322
Airplane Collection,813
Piranha 3D Collection,43593
Alice in Wonderland Collection,14564
Stand by Me Doraemon,265712
Now You See Me Collection,329263
Alice in Wonderland Collection,82507
Doctor Strange Collection,10665
The Hannibal Lecter Collection,1248
Elizabeth Collection,4518
Hostel Collection,1690
James Bond,668
Hitman Collection,249070
Ouija Collection,335796
Alice in Wonderland Collection,188183
Keinohrhasen Filmreihe,6076
Police Academy Collection,9336
Police Academy Collection,219572
Under Siege Collection,346672
Vampires Suck Collection,40264
The Muppets Collection,145220
Halloween Collection,2082
Cold War Collection,335462
Wolf Warrior Collection,11824
Cold War Collection,860
Planet of the Apes (Reboot) Collection,9387
Home Alone Collection,9714
James Bond,657
48 Hrs. Collection,150
